{
  "project_info": {
    "project_number": "77291273592",
    "project_id": "utsmoroapp",
    "storage_bucket": "utsmoroapp.firebasestorage.app"
  },
  "client": [
    {
      "client_info": {
        "mobilesdk_app_id": "1:77291273592:android:117296968bcba89e2c1c8d",
        "android_client_info": {
          "package_name": "com.example.moro_app"
        }
      },
      "oauth_client": [],
      "api_key": [
        {
          "current_key": "AIzaSyCRwNRUa7aYgjssVHzEmIPkPFjL9gvx8aY"
        }
      ],
      "services": {
        "appinvite_service": {
          "other_platform_oauth_client": []
        }
      }
    }
  ],
  "configuration_version": "1"
}